{
  "threshold": 0.3048,
  "auc_roc": 0.8908248701634065,
  "avg_precision": 0.3133082935100955,
  "f1": 0.3692468619246862,
  "precision": 0.5507020280811232,
  "recall": 0.27773406766325726
}