{
  "threshold": 0.3508,
  "auc_roc": 0.9077771056403097,
  "avg_precision": 0.37003684854808816,
  "f1": 0.40488841657810837,
  "precision": 0.6235679214402619,
  "recall": 0.2997639653815893
}