{
  "threshold": 0.8468,
  "auc_roc": 0.8376991140232538,
  "avg_precision": 0.25281516137851195,
  "f1": 0.2894088669950739,
  "precision": 0.6657223796033994,
  "recall": 0.1848937844217152
}